instancia;arquivo;execucao;seed;threads;funcao_objetivo;distancia_total_km;penalidade_total;numero_rotas;paradas_selecionadas;carga_total_estudantes;tempo_total_rotas_seg;tempo_medio_rota_seg;maior_tempo_rota_seg;iteracao_final;iteracao_ultima_melhoria;tempo_algoritmo_seg;tempo_parede_seg
Adelaide;.\data\Adelaide.bus;1;2991312382;1;150.144000;150.144000;0.000000;16;23;565;19601.000000;1225.062500;2639.000000;199;196;60.056375;71.839206
Adelaide;.\data\Adelaide.bus;2;3062119789;1;163.091000;163.091000;0.000000;18;21;565;20875.000000;1159.722222;1916.000000;130;130;61.165200;69.044551
Adelaide;.\data\Adelaide.bus;3;1228959102;1;155.078000;155.078000;0.000000;18;23;565;20888.000000;1160.444444;1858.000000;234;216;60.027119;73.725387
Adelaide;.\data\Adelaide.bus;4;1840268610;1;156.835000;156.835000;0.000000;16;24;565;20242.000000;1265.125000;2024.000000;159;153;60.014741;70.620642
Adelaide;.\data\Adelaide.bus;5;974319580;1;161.098000;161.098000;0.000000;16;24;565;20634.000000;1289.625000;2439.000000;233;224;60.031321;73.712767
Adelaide;.\data\Adelaide.bus;6;2967327842;1;142.172000;142.172000;0.000000;16;21;565;18922.000000;1182.625000;1728.000000;234;233;60.019601;73.409700
Adelaide;.\data\Adelaide.bus;7;2367878886;1;150.019000;150.019000;0.000000;17;23;565;20124.000000;1183.764706;1830.000000;175;165;60.091493;68.847822
Adelaide;.\data\Adelaide.bus;8;3088727057;1;165.525000;165.525000;0.000000;17;22;565;21030.000000;1237.058824;2022.000000;227;196;60.201844;71.569153
Adelaide;.\data\Adelaide.bus;9;3090095699;1;164.226000;164.226000;0.000000;17;26;565;21037.000000;1237.470588;2606.000000;213;150;60.129309;72.360983
Adelaide;.\data\Adelaide.bus;10;2109339754;1;157.102000;157.102000;0.000000;16;24;565;20013.000000;1250.812500;2483.000000;161;161;60.049200;70.335339
Bridgend;.\data\Bridgend.bus;1;1817228411;1;100293.114000;293.114000;100000.000000;10;22;381;25640.000000;2564.000000;3697.000000;414;314;25.088606;27.756962
Bridgend;.\data\Bridgend.bus;2;3350193721;1;100294.227000;294.227000;100000.000000;10;23;381;25846.000000;2584.600000;4387.000000;294;265;60.031695;64.259018
Bridgend;.\data\Bridgend.bus;3;4212350166;1;100302.422000;302.422000;100000.000000;11;19;381;26403.000000;2400.272727;3490.000000;248;148;37.675347;44.250824
Bridgend;.\data\Bridgend.bus;4;1764906721;1;100312.300000;312.300000;100000.000000;11;21;381;27915.000000;2537.727273;3713.000000;319;316;60.023431;67.130613
Bridgend;.\data\Bridgend.bus;5;2941321312;1;100305.665000;305.665000;100000.000000;10;21;381;26822.000000;2682.200000;4910.000000;162;62;29.560678;35.962146
Bridgend;.\data\Bridgend.bus;6;2489768049;1;600285.512000;285.512000;600000.000000;10;21;381;25141.000000;2514.100000;3457.000000;340;312;60.070071;66.468156
Bridgend;.\data\Bridgend.bus;7;2065586814;1;100291.185000;291.185000;100000.000000;10;21;381;25727.000000;2572.700000;3658.000000;399;299;39.229214;44.832659
Bridgend;.\data\Bridgend.bus;8;601083951;1;100293.153000;293.153000;100000.000000;10;22;381;24960.000000;2496.000000;3623.000000;574;474;37.902852;40.340705
Bridgend;.\data\Bridgend.bus;9;1684131913;1;100295.458000;295.458000;100000.000000;10;20;381;26092.000000;2609.200000;3387.000000;318;310;60.000394;70.596604
Bridgend;.\data\Bridgend.bus;10;1722357280;1;100278.360000;278.360000;100000.000000;10;20;381;24873.000000;2487.300000;3777.000000;637;600;60.044306;63.856872
Brisbane;.\data\Brisbane.bus;1;1473938350;1;325.946000;325.946000;0.000000;23;28;757;34335.000000;1492.826087;2236.000000;201;198;60.118712;80.804544
Brisbane;.\data\Brisbane.bus;2;2694306016;1;317.908000;317.908000;0.000000;22;29;757;34259.000000;1557.227273;2406.000000;262;191;60.233809;77.436540
Brisbane;.\data\Brisbane.bus;3;3131244655;1;330.237000;330.237000;0.000000;23;28;757;34470.000000;1498.695652;2798.000000;191;185;60.301958;90.962791
Brisbane;.\data\Brisbane.bus;4;1392217497;1;319.928000;319.928000;0.000000;22;32;757;34222.000000;1555.545455;2427.000000;187;182;60.016765;86.489673
Brisbane;.\data\Brisbane.bus;5;1883653459;1;317.011000;317.011000;0.000000;21;29;757;33261.000000;1583.857143;2615.000000;198;194;60.281816;90.457703
Brisbane;.\data\Brisbane.bus;6;1051233102;1;331.578000;331.578000;0.000000;22;32;757;34764.000000;1580.181818;3043.000000;200;181;60.199479;81.708906
Brisbane;.\data\Brisbane.bus;7;256314621;1;318.898000;318.898000;0.000000;22;27;757;33375.000000;1517.045455;2291.000000;194;147;60.085332;80.151731
Brisbane;.\data\Brisbane.bus;8;2983950756;1;315.176000;315.176000;0.000000;23;30;757;33533.000000;1457.956522;2360.000000;261;258;60.144358;78.302427
Brisbane;.\data\Brisbane.bus;9;1709587040;1;325.987000;325.987000;0.000000;22;29;757;34357.000000;1561.681818;2260.000000;270;269;60.103534;76.963668
Brisbane;.\data\Brisbane.bus;10;2550791376;1;314.777000;314.777000;0.000000;22;30;757;32928.000000;1496.727273;2254.000000;272;242;60.063599;75.669875
Canberra;.\data\Canberra.bus;1;3169666116;1;284.892000;284.892000;0.000000;14;28;499;24214.000000;1729.571429;3412.000000;516;416;18.507601;19.134700
Canberra;.\data\Canberra.bus;2;2713526065;1;296.886000;296.886000;0.000000;15;31;499;25105.000000;1673.666667;3158.000000;800;700;27.361211;28.046304
Canberra;.\data\Canberra.bus;3;783796023;1;310.932000;310.932000;0.000000;15;31;499;26672.000000;1778.133333;3159.000000;343;243;11.427041;11.961445
Canberra;.\data\Canberra.bus;4;1890890179;1;290.396000;290.396000;0.000000;14;32;499;25368.000000;1812.000000;3362.000000;363;263;12.809197;13.416222
Canberra;.\data\Canberra.bus;5;753559554;1;299.892000;299.892000;0.000000;14;30;499;26040.000000;1860.000000;3245.000000;901;801;30.224431;30.912729
Canberra;.\data\Canberra.bus;6;359602516;1;279.201000;279.201000;0.000000;14;29;499;23803.000000;1700.214286;3158.000000;984;884;34.872459;35.503405
Canberra;.\data\Canberra.bus;7;2282995751;1;299.384000;299.384000;0.000000;15;30;499;25434.000000;1695.600000;3159.000000;685;585;23.096313;23.738584
Canberra;.\data\Canberra.bus;8;3059434818;1;296.204000;296.204000;0.000000;14;31;499;24918.000000;1779.857143;2864.000000;521;421;19.328905;19.985817
Canberra;.\data\Canberra.bus;9;2284182100;1;316.157000;316.157000;0.000000;15;29;499;26838.000000;1789.200000;2967.000000;185;85;6.817740;7.435662
Canberra;.\data\Canberra.bus;10;1837659695;1;294.007000;294.007000;0.000000;15;26;499;24889.000000;1659.266667;3159.000000;668;568;22.562814;23.213227
Cardiff;.\data\Cardiff.bus;1;2724731384;1;500073.644000;73.644000;500000.000000;4;8;156;7990.000000;1997.500000;3165.000000;341;241;15.173699;16.879225
Cardiff;.\data\Cardiff.bus;2;1278957501;1;500076.629000;76.629000;500000.000000;5;8;156;8344.000000;1668.800000;2182.000000;234;134;11.511917;13.612912
Cardiff;.\data\Cardiff.bus;3;3648281776;1;500076.223000;76.223000;500000.000000;5;8;156;8780.000000;1756.000000;2280.000000;293;193;14.946908;16.777620
Cardiff;.\data\Cardiff.bus;4;2113488007;1;500078.396000;78.396000;500000.000000;5;8;156;8081.000000;1616.200000;2064.000000;238;138;12.093102;14.301542
Cardiff;.\data\Cardiff.bus;5;3111511913;1;500077.071000;77.071000;500000.000000;5;8;156;8904.000000;1780.800000;2182.000000;119;19;6.490113;8.315428
Cardiff;.\data\Cardiff.bus;6;3179548771;1;500077.222000;77.222000;500000.000000;5;8;156;8906.000000;1781.200000;2280.000000;191;91;9.608556;11.387323
Cardiff;.\data\Cardiff.bus;7;2624326012;1;500078.237000;78.237000;500000.000000;4;8;156;8528.000000;2132.000000;2872.000000;185;85;8.235661;10.071684
Cardiff;.\data\Cardiff.bus;8;1536434012;1;500076.406000;76.406000;500000.000000;5;7;156;8341.000000;1668.200000;2235.000000;244;144;11.519030;13.308071
Cardiff;.\data\Cardiff.bus;9;3102870708;1;500075.919000;75.919000;500000.000000;5;9;156;8796.000000;1759.200000;2336.000000;201;101;9.719948;11.447857
Cardiff;.\data\Cardiff.bus;10;1791903078;1;500076.113000;76.113000;500000.000000;5;10;156;8828.000000;1765.600000;2389.000000;215;115;9.298223;10.945670
Edinburgh-1;.\data\Edinburgh-1.bus;1;1387097953;1;1600161.590000;161.590000;1600000.000000;20;26;680;22329.000000;1116.450000;1853.000000;306;252;60.056629;65.376079
Edinburgh-1;.\data\Edinburgh-1.bus;2;2812006613;1;1700156.423000;156.423000;1700000.000000;19;26;680;22429.000000;1180.473684;2025.000000;313;243;60.010639;65.652486
Edinburgh-1;.\data\Edinburgh-1.bus;3;1553870454;1;100163.153000;163.153000;100000.000000;19;25;680;22801.000000;1200.052632;1982.000000;260;246;60.184286;65.290761
Edinburgh-1;.\data\Edinburgh-1.bus;4;1605464926;1;900158.423000;158.423000;900000.000000;20;26;680;22455.000000;1122.750000;1988.000000;280;253;60.021507;70.749993
Edinburgh-1;.\data\Edinburgh-1.bus;5;980383131;1;100149.788000;149.788000;100000.000000;19;26;680;22046.000000;1160.315789;1817.000000;334;317;60.180838;65.781452
Edinburgh-1;.\data\Edinburgh-1.bus;6;1007225122;1;500163.303000;163.303000;500000.000000;20;25;680;23215.000000;1160.750000;1940.000000;245;241;60.249296;66.752696
Edinburgh-1;.\data\Edinburgh-1.bus;7;1261492193;1;400151.508000;151.508000;400000.000000;20;22;680;21432.000000;1071.600000;1941.000000;193;93;45.873748;52.785428
Edinburgh-1;.\data\Edinburgh-1.bus;8;4243407436;1;148.507000;148.507000;0.000000;20;25;680;21301.000000;1065.050000;1851.000000;279;278;60.011925;65.684410
Edinburgh-1;.\data\Edinburgh-1.bus;9;2710021800;1;1300164.192000;164.192000;1300000.000000;19;23;680;23794.000000;1252.315789;2869.000000;247;243;60.087947;66.992626
Edinburgh-1;.\data\Edinburgh-1.bus;10;3289927555;1;1300142.249000;142.249000;1300000.000000;18;23;680;20651.000000;1147.277778;2225.000000;296;286;60.193414;66.530524
Edinburgh-2;.\data\Edinburgh-2.bus;1;395587690;1;300043.961000;43.961000;300000.000000;10;12;320;8115.000000;811.500000;1330.000000;197;100;60.247648;65.973095
Edinburgh-2;.\data\Edinburgh-2.bus;2;3337208645;1;39.751000;39.751000;0.000000;9;10;320;7195.000000;799.444444;1215.000000;183;135;60.017148;66.776715
Edinburgh-2;.\data\Edinburgh-2.bus;3;1862732352;1;43.252000;43.252000;0.000000;10;12;320;8176.000000;817.600000;1275.000000;195;95;49.921894;55.772002
Edinburgh-2;.\data\Edinburgh-2.bus;4;120181579;1;41.361000;41.361000;0.000000;10;12;320;7467.000000;746.700000;1404.000000;198;157;60.134241;66.103466
Edinburgh-2;.\data\Edinburgh-2.bus;5;1850541474;1;42.978000;42.978000;0.000000;9;12;320;7895.000000;877.222222;1302.000000;188;156;60.131721;66.181280
Edinburgh-2;.\data\Edinburgh-2.bus;6;746922810;1;45.106000;45.106000;0.000000;9;10;320;8181.000000;909.000000;1341.000000;184;138;60.358533;66.370309
Edinburgh-2;.\data\Edinburgh-2.bus;7;2120361354;1;47.391000;47.391000;0.000000;9;10;320;8284.000000;920.444444;1801.000000;204;201;60.169191;65.837275
Edinburgh-2;.\data\Edinburgh-2.bus;8;661778198;1;42.954000;42.954000;0.000000;10;11;320;8001.000000;800.100000;1712.000000;209;208;60.251089;66.323906
Edinburgh-2;.\data\Edinburgh-2.bus;9;1828927181;1;400047.779000;47.779000;400000.000000;9;11;320;8701.000000;966.777778;1571.000000;183;105;60.049546;66.216324
Edinburgh-2;.\data\Edinburgh-2.bus;10;331083922;1;41.940000;41.940000;0.000000;9;10;320;7790.000000;865.555556;1374.000000;176;133;60.382608;67.460365
MiltonKeynes;.\data\MiltonKeynes.bus;1;1341151716;1;105.202000;105.202000;0.000000;8;10;274;7651.000000;956.375000;1291.000000;262;162;19.760334;22.676293
MiltonKeynes;.\data\MiltonKeynes.bus;2;3821944079;1;103.746000;103.746000;0.000000;8;10;274;8057.000000;1007.125000;1249.000000;399;299;21.354558;23.026868
MiltonKeynes;.\data\MiltonKeynes.bus;3;1831164907;1;105.620000;105.620000;0.000000;8;9;274;7798.000000;974.750000;1351.000000;335;235;18.457457;20.127748
MiltonKeynes;.\data\MiltonKeynes.bus;4;3222851995;1;98.226000;98.226000;0.000000;7;10;274;7181.000000;1025.857143;1110.000000;646;546;36.320629;37.963160
MiltonKeynes;.\data\MiltonKeynes.bus;5;3837077245;1;109.089000;109.089000;0.000000;8;11;274;8310.000000;1038.750000;1674.000000;545;445;29.892661;31.522691
MiltonKeynes;.\data\MiltonKeynes.bus;6;2978144236;1;107.095000;107.095000;0.000000;8;13;274;8095.000000;1011.875000;1616.000000;171;71;9.764724;11.415259
MiltonKeynes;.\data\MiltonKeynes.bus;7;4055136414;1;105.549000;105.549000;0.000000;8;10;274;7936.000000;992.000000;1249.000000;279;179;14.073164;15.662463
MiltonKeynes;.\data\MiltonKeynes.bus;8;2198006964;1;106.030000;106.030000;0.000000;8;10;274;7660.000000;957.500000;1313.000000;216;116;11.293722;13.104052
MiltonKeynes;.\data\MiltonKeynes.bus;9;2155372102;1;103.460000;103.460000;0.000000;8;12;274;7811.000000;976.375000;1212.000000;511;411;25.999795;27.654288
MiltonKeynes;.\data\MiltonKeynes.bus;10;1994016109;1;104.025000;104.025000;0.000000;8;9;274;7377.000000;922.125000;1203.000000;272;172;15.547496;17.194903
Porthcawl;.\data\Porthcawl.bus;1;2679857523;1;25.538000;25.538000;0.000000;3;3;66;2721.000000;907.000000;984.000000;161;61;3.071214;3.215205
Porthcawl;.\data\Porthcawl.bus;2;2441391258;1;25.483000;25.483000;0.000000;2;3;66;2598.000000;1299.000000;1614.000000;107;7;2.004554;2.133639
Porthcawl;.\data\Porthcawl.bus;3;496577232;1;25.483000;25.483000;0.000000;2;3;66;2598.000000;1299.000000;1614.000000;107;7;2.142066;2.288132
Porthcawl;.\data\Porthcawl.bus;4;1299440006;1;25.765000;25.765000;0.000000;2;3;66;2634.000000;1317.000000;1614.000000;120;20;2.393900;2.543397
Porthcawl;.\data\Porthcawl.bus;5;1362730766;1;25.483000;25.483000;0.000000;2;3;66;2598.000000;1299.000000;1614.000000;107;7;2.088363;2.233503
Porthcawl;.\data\Porthcawl.bus;6;2135924991;1;25.483000;25.483000;0.000000;2;3;66;2598.000000;1299.000000;1614.000000;112;12;2.209289;2.361781
Porthcawl;.\data\Porthcawl.bus;7;1781665012;1;25.483000;25.483000;0.000000;2;4;66;2598.000000;1299.000000;1614.000000;178;78;3.339518;3.498400
Porthcawl;.\data\Porthcawl.bus;8;2934591847;1;25.483000;25.483000;0.000000;2;3;66;2598.000000;1299.000000;1614.000000;113;13;2.063536;2.195705
Porthcawl;.\data\Porthcawl.bus;9;3720769483;1;25.483000;25.483000;0.000000;2;3;66;2598.000000;1299.000000;1614.000000;111;11;2.113459;2.258422
Porthcawl;.\data\Porthcawl.bus;10;3937190838;1;25.538000;25.538000;0.000000;3;4;66;2721.000000;907.000000;984.000000;105;5;2.018008;2.159584
Suffolk;.\data\Suffolk.bus;1;1075697607;1;163.633000;163.633000;0.000000;6;20;209;12409.000000;2068.166667;2742.000000;691;591;8.503324;8.702186
Suffolk;.\data\Suffolk.bus;2;467846273;1;155.825000;155.825000;0.000000;6;22;209;11888.000000;1981.333333;2411.000000;624;524;7.808442;7.954757
Suffolk;.\data\Suffolk.bus;3;2074616363;1;166.830000;166.830000;0.000000;6;22;209;12764.000000;2127.333333;2810.000000;557;457;6.966167;7.141532
Suffolk;.\data\Suffolk.bus;4;2128121018;1;153.577000;153.577000;0.000000;6;23;209;11745.000000;1957.500000;2520.000000;254;154;3.573869;3.715734
Suffolk;.\data\Suffolk.bus;5;4232947045;1;183.323000;183.323000;0.000000;7;22;209;13468.000000;1924.000000;3134.000000;376;276;5.140517;5.287155
Suffolk;.\data\Suffolk.bus;6;1000022711;1;154.768000;154.768000;0.000000;6;25;209;11961.000000;1993.500000;2432.000000;434;334;5.628083;5.778354
Suffolk;.\data\Suffolk.bus;7;2231171609;1;157.030000;157.030000;0.000000;6;22;209;11754.000000;1959.000000;2636.000000;421;321;5.944151;6.074437
Suffolk;.\data\Suffolk.bus;8;1876302258;1;158.076000;158.076000;0.000000;6;22;209;11845.000000;1974.166667;3004.000000;545;445;7.053695;7.201931
Suffolk;.\data\Suffolk.bus;9;2632361940;1;171.890000;171.890000;0.000000;6;24;209;12660.000000;2110.000000;2598.000000;338;238;4.471318;4.610585
Suffolk;.\data\Suffolk.bus;10;3227852600;1;169.395000;169.395000;0.000000;6;21;209;13237.000000;2206.166667;3141.000000;405;305;5.273313;5.428818
